asset,beta60
0700.HK,0.9931802950918077
0005.HK,0.6504372445418555
0388.HK,1.2751270248761366
AAPL,1.277714767136754
MSFT,1.1493321656913915
