asset,beta60
0700.HK,1.032735503103127
0005.HK,0.5696477953186003
0388.HK,1.3025055984705576
AAPL,1.2424427372218374
MSFT,1.2758564607075045
TLT,0.09811897445139034
