asset,position_value,weight
0005.HK,7764.000244140624,0.004902472466312201
0388.HK,21280.00030517578,0.013436967065781812
0700.HK,49660.00061035156,0.03135713266534592
AAPL,4223.200073242187,0.002666682306511078
GC=F,16820.0,0.010620760470171579
MSFT,7549.80010986328,0.004767218701815278
TLT,2573.7000274658203,0.0016251279140183407
USDJPY=X,1473820.0378417969,0.9306236384100438
^GSPC,,
^HSI,,
